INSERT INTO vehicle_models (id, make, model, segment) VALUES ('6d75878f-b806-4198-b58d-2d2a0d449460', 'Jeep', 'Grand Cherokee L', 'Midsize 3-Row SUV');
INSERT INTO vehicle_configs (id, vehicle_model_id, model_year, config_label, powertrain_category) VALUES ('18a42a2c-310b-47bd-b5c5-e77429ace639', '6d75878f-b806-4198-b58d-2d2a0d449460', 2025, 'Representative', 'Gas');
INSERT INTO msrp_specs (vehicle_config_id, base_msrp, top_trim_msrp) VALUES ('18a42a2c-310b-47bd-b5c5-e77429ace639', 41030, 67035);
INSERT INTO powertrain_specs (vehicle_config_id, engine_description, horsepower_hp, torque_lb_ft, transmission, city_mpg, highway_mpg, combined_mpg, ev_range_miles, zero_to_sixty_sec, towing_capacity_lbs) VALUES ('18a42a2c-310b-47bd-b5c5-e77429ace639', '3.6L V-6', 293, 257, '8-speed automatic', 19, 26, 21, 0, 8.0, 6200);
INSERT INTO dimension_specs (vehicle_config_id, length_in, width_in, height_in, wheelbase_in, curb_weight_lbs, legroom_2nd_row_in, legroom_3rd_row_in, cargo_behind_3rd_cu_ft, max_cargo_cu_ft) VALUES ('18a42a2c-310b-47bd-b5c5-e77429ace639', 204.9, 77.5, 71.5, 121.7, 4524, 39.4, 30.3, 17.2, 84.6);
INSERT INTO safety_specs (vehicle_config_id, nhtsa_overall_stars, iihs_tsp_status, standard_safety_notes) VALUES ('18a42a2c-310b-47bd-b5c5-e77429ace639', 5, 'TSP', 'Adaptive Cruise Control, Lane Keeping System, Automated Emergency Braking with Pedestrian and Cyclist Detection, Blind Spot Detection, Rear Automatic Braking');
INSERT INTO reliability_signals (vehicle_config_id, source_name, summary_label, known_issues_notes) VALUES ('18a42a2c-310b-47bd-b5c5-e77429ace639', 'Consumer Reports', 'N/A', 'None');
INSERT INTO expert_ratings (vehicle_config_id, edmunds_rating, car_and_driver_rating, key_differentiators) VALUES ('18a42a2c-310b-47bd-b5c5-e77429ace639', 6.1, 8.5, 'The 2025 Jeep Grand Cherokee L offers generous room for passengers in all three rows and outmatches competitors with its available off-road and towing capabilities. However, its V6 engine can be coarse, and pricing can reach into luxury-brand territory.');
INSERT INTO vehicle_models (id, make, model, segment) VALUES ('4afd2dbc-d9a9-479d-b298-3f4a03f8bc5c', 'Ford', 'Explorer', 'Midsize 3-Row SUV');
INSERT INTO vehicle_configs (id, vehicle_model_id, model_year, config_label, powertrain_category) VALUES ('6508b5a0-4472-4cf7-b91e-9130d0235abd', '4afd2dbc-d9a9-479d-b298-3f4a03f8bc5c', 2026, 'Representative', 'Gas');
INSERT INTO msrp_specs (vehicle_config_id, base_msrp, top_trim_msrp) VALUES ('6508b5a0-4472-4cf7-b91e-9130d0235abd', 38465, 56905);
INSERT INTO powertrain_specs (vehicle_config_id, engine_description, horsepower_hp, torque_lb_ft, transmission, city_mpg, highway_mpg, combined_mpg, ev_range_miles, zero_to_sixty_sec, towing_capacity_lbs) VALUES ('6508b5a0-4472-4cf7-b91e-9130d0235abd', '2.3L EcoBoost I-4 (standard), 3.0L EcoBoost V6 (optional)', 400, 415, '10-speed automatic', 20, 29, 24, 0, 5.1, 5000);
INSERT INTO dimension_specs (vehicle_config_id, length_in, width_in, height_in, wheelbase_in, curb_weight_lbs, legroom_2nd_row_in, legroom_3rd_row_in, cargo_behind_3rd_cu_ft, max_cargo_cu_ft) VALUES ('6508b5a0-4472-4cf7-b91e-9130d0235abd', 198.7, 78.9, 69.6, 112.8, 4345, 39.0, 32.2, 18.0, 87.8);
INSERT INTO safety_specs (vehicle_config_id, nhtsa_overall_stars, iihs_tsp_status, standard_safety_notes) VALUES ('6508b5a0-4472-4cf7-b91e-9130d0235abd', 5, 'TSP+', 'Forward-collision warning, automated emergency braking, blind-spot monitoring, rear-cross-traffic alert, lane-departure warning, lane-keeping assist');
INSERT INTO reliability_signals (vehicle_config_id, source_name, summary_label, known_issues_notes) VALUES ('6508b5a0-4472-4cf7-b91e-9130d0235abd', 'Consumer Reports', 'N/A', '4 recalls listed on NHTSA website. No complaints or investigations.');
INSERT INTO expert_ratings (vehicle_config_id, edmunds_rating, car_and_driver_rating, key_differentiators) VALUES ('6508b5a0-4472-4cf7-b91e-9130d0235abd', 7.2, 8.0, 'Strong engines for quick acceleration, secure handling, and impressive tech and driver assist features. However, it has less second- and third-row space than many rivals, and the hands-free BlueCruise tech is an upcharge subscription feature.');
INSERT INTO vehicle_models (id, make, model, segment) VALUES ('3e18ec6a-b8b4-43db-adb9-99179a776199', 'Toyota', 'Highlander', '');
INSERT INTO vehicle_configs (id, vehicle_model_id, model_year, config_label, powertrain_category) VALUES ('d6d6eded-9321-45ef-ba51-86034f710cad', '3e18ec6a-b8b4-43db-adb9-99179a776199', 2025, 'Representative', 'Gas');
INSERT INTO msrp_specs (vehicle_config_id, base_msrp, top_trim_msrp) VALUES ('d6d6eded-9321-45ef-ba51-86034f710cad', 40320, 54475);
INSERT INTO powertrain_specs (vehicle_config_id, engine_description, horsepower_hp, torque_lb_ft, transmission, city_mpg, highway_mpg, combined_mpg, ev_range_miles, zero_to_sixty_sec, towing_capacity_lbs) VALUES ('d6d6eded-9321-45ef-ba51-86034f710cad', '2.4L 4-cylinder turbocharged', 265, 310, '8-speed automatic', 22, 29, 25, 0, 7.4, 5000);
INSERT INTO dimension_specs (vehicle_config_id, length_in, width_in, height_in, wheelbase_in, curb_weight_lbs, legroom_2nd_row_in, legroom_3rd_row_in, cargo_behind_3rd_cu_ft, max_cargo_cu_ft) VALUES ('d6d6eded-9321-45ef-ba51-86034f710cad', 194.9, 76.0, 68.1, 112.2, 4453, 38.4, 27.7, 16.0, 84.3);
INSERT INTO safety_specs (vehicle_config_id, nhtsa_overall_stars, iihs_tsp_status, standard_safety_notes) VALUES ('d6d6eded-9321-45ef-ba51-86034f710cad', 5, 'TSP', 'Automated emergency braking with pedestrian detection, Blind-spot monitoring with rear-cross-traffic alert, Lane-departure warning with lane-keeping assist, Adaptive cruise control, Traffic sign recognition, Automatic high-beam headlamps');
INSERT INTO reliability_signals (vehicle_config_id, source_name, summary_label, known_issues_notes) VALUES ('d6d6eded-9321-45ef-ba51-86034f710cad', 'Consumer Reports', '3/5 Average', 'Three recalls have been issued by NHTSA for the 2025 Toyota Highlander. These include issues with the third-row center seat belt anchor, rearview camera display, and instrument panel software.');
INSERT INTO expert_ratings (vehicle_config_id, edmunds_rating, car_and_driver_rating, key_differentiators) VALUES ('d6d6eded-9321-45ef-ba51-86034f710cad', 6.4, 8.0, 'The 2025 Toyota Highlander offers a comfortable and quiet ride with above-average fuel efficiency for its class. However, its third-row seating is cramped, and cargo space behind the third row is limited compared to some competitors.');
INSERT INTO vehicle_models (id, make, model, segment) VALUES ('ae4d7f5d-1fe5-4b39-b69c-4dd4e393735c', 'Honda', 'Pilot', 'Midsize 3-Row SUV');
INSERT INTO vehicle_configs (id, vehicle_model_id, model_year, config_label, powertrain_category) VALUES ('24674401-d7ee-4429-8a6b-8d3d26cdff3e', 'ae4d7f5d-1fe5-4b39-b69c-4dd4e393735c', 2026, 'Representative', 'Gas');
INSERT INTO msrp_specs (vehicle_config_id, base_msrp, top_trim_msrp) VALUES ('24674401-d7ee-4429-8a6b-8d3d26cdff3e', 42195, 54995);
INSERT INTO powertrain_specs (vehicle_config_id, engine_description, horsepower_hp, torque_lb_ft, transmission, city_mpg, highway_mpg, combined_mpg, ev_range_miles, zero_to_sixty_sec, towing_capacity_lbs) VALUES ('24674401-d7ee-4429-8a6b-8d3d26cdff3e', '3.5L V6', 285, 262, '10-speed automatic', 19, 27, 22, 0, 7.1, 5000);
INSERT INTO dimension_specs (vehicle_config_id, length_in, width_in, height_in, wheelbase_in, curb_weight_lbs, legroom_2nd_row_in, legroom_3rd_row_in, cargo_behind_3rd_cu_ft, max_cargo_cu_ft) VALUES ('24674401-d7ee-4429-8a6b-8d3d26cdff3e', 199.9, 78.5, 70.9, 113.8, 4321, 40.8, 32.5, 18.6, 111.8);
INSERT INTO safety_specs (vehicle_config_id, nhtsa_overall_stars, iihs_tsp_status, standard_safety_notes) VALUES ('24674401-d7ee-4429-8a6b-8d3d26cdff3e', 5, 'TSP', 'AEB, Lane Keep Assist, Blind Spot Monitor, Rear Cross Traffic Alert, Adaptive Cruise Control');
INSERT INTO reliability_signals (vehicle_config_id, source_name, summary_label, known_issues_notes) VALUES ('24674401-d7ee-4429-8a6b-8d3d26cdff3e', 'Consumer Reports', '3/5 Average', 'None');
INSERT INTO expert_ratings (vehicle_config_id, edmunds_rating, car_and_driver_rating, key_differentiators) VALUES ('24674401-d7ee-4429-8a6b-8d3d26cdff3e', 6.3, 8.5, 'The 2026 Honda Pilot offers a comfortable ride and a spacious interior with flexible seating and cargo options. However, its acceleration is only average for the class, and the third row is less spacious than some rivals.');
INSERT INTO vehicle_models (id, make, model, segment) VALUES ('8e2dcd18-cf99-42a0-8aef-953c5fdd2feb', 'Kia', 'Telluride', 'Midsize 3-Row SUV');
INSERT INTO vehicle_configs (id, vehicle_model_id, model_year, config_label, powertrain_category) VALUES ('eb9da98d-7cbc-4daa-ad53-681fbc017cd9', '8e2dcd18-cf99-42a0-8aef-953c5fdd2feb', 2025, 'Representative', 'Gas');
INSERT INTO msrp_specs (vehicle_config_id, base_msrp, top_trim_msrp) VALUES ('eb9da98d-7cbc-4daa-ad53-681fbc017cd9', 36390, 53685);
INSERT INTO powertrain_specs (vehicle_config_id, engine_description, horsepower_hp, torque_lb_ft, transmission, city_mpg, highway_mpg, combined_mpg, ev_range_miles, zero_to_sixty_sec, towing_capacity_lbs) VALUES ('eb9da98d-7cbc-4daa-ad53-681fbc017cd9', '3.8L V6 Gasoline Direct Injection', 291, 262, '8-speed automatic', 20, 26, 22, 0, 6.8, 5000);
INSERT INTO dimension_specs (vehicle_config_id, length_in, width_in, height_in, wheelbase_in, curb_weight_lbs, legroom_2nd_row_in, legroom_3rd_row_in, cargo_behind_3rd_cu_ft, max_cargo_cu_ft) VALUES ('eb9da98d-7cbc-4daa-ad53-681fbc017cd9', 196.9, 78.3, 68.9, 114.2, 4134, 42.4, 31.4, 21.0, 87.0);
INSERT INTO safety_specs (vehicle_config_id, nhtsa_overall_stars, iihs_tsp_status, standard_safety_notes) VALUES ('eb9da98d-7cbc-4daa-ad53-681fbc017cd9', 5, 'TSP+', 'Forward Collision Warning, Lane Departure Warning, Crash Imminent Braking, Dynamic Brake Support');
INSERT INTO reliability_signals (vehicle_config_id, source_name, summary_label, known_issues_notes) VALUES ('eb9da98d-7cbc-4daa-ad53-681fbc017cd9', 'Consumer Reports', '3/5 Average', 'Consumer Reports notes 3 recalls for the 2025 model year related to seats, tires, and structure. Owners have reported issues with windshield cracking, battery failure, and keyless entry malfunctions.');
INSERT INTO expert_ratings (vehicle_config_id, edmunds_rating, car_and_driver_rating, key_differentiators) VALUES ('eb9da98d-7cbc-4daa-ad53-681fbc017cd9', 7.1, 10.0, 'The 2025 Kia Telluride stands out with its near-luxury interior, spacious cabin for large families, and a comprehensive suite of standard technology and safety features. While it offers a satisfying driving experience, some competitors may offer more refined acceleration or more small-item storage.');
INSERT INTO vehicle_models (id, make, model, segment) VALUES ('ab48456f-983d-4ed5-ac88-123116531487', 'Hyundai', 'Palisade', 'Midsize 3-Row SUV');
INSERT INTO vehicle_configs (id, vehicle_model_id, model_year, config_label, powertrain_category) VALUES ('06d045a1-7030-4459-b55e-9b49e328663d', 'ab48456f-983d-4ed5-ac88-123116531487', 2026, 'Representative', 'Gas');
INSERT INTO msrp_specs (vehicle_config_id, base_msrp, top_trim_msrp) VALUES ('06d045a1-7030-4459-b55e-9b49e328663d', 39435, 54560);
INSERT INTO powertrain_specs (vehicle_config_id, engine_description, horsepower_hp, torque_lb_ft, transmission, city_mpg, highway_mpg, combined_mpg, ev_range_miles, zero_to_sixty_sec, towing_capacity_lbs) VALUES ('06d045a1-7030-4459-b55e-9b49e328663d', '3.5L V6', 287, 260, '8-speed automatic', 19, 25, 21, 0, 7.6, 5000);
INSERT INTO dimension_specs (vehicle_config_id, length_in, width_in, height_in, wheelbase_in, curb_weight_lbs, legroom_2nd_row_in, legroom_3rd_row_in, cargo_behind_3rd_cu_ft, max_cargo_cu_ft) VALUES ('06d045a1-7030-4459-b55e-9b49e328663d', 199.2, 78.0, 69.5, 116.9, 4420, 43.0, 32.1, 46.3, 86.7);
INSERT INTO safety_specs (vehicle_config_id, nhtsa_overall_stars, iihs_tsp_status, standard_safety_notes) VALUES ('06d045a1-7030-4459-b55e-9b49e328663d', NULL, 'TSP', 'Forward Collision-Avoidance Assist, Blind Spot Detection, Lane Departure Warning & Prevention, Rear Automatic Braking');
INSERT INTO reliability_signals (vehicle_config_id, source_name, summary_label, known_issues_notes) VALUES ('06d045a1-7030-4459-b55e-9b49e328663d', 'Consumer Reports', '3/5 Average', '1 recall, 26 complaints reported to NHTSA.');
INSERT INTO expert_ratings (vehicle_config_id, edmunds_rating, car_and_driver_rating, key_differentiators) VALUES ('06d045a1-7030-4459-b55e-9b49e328663d', 7.7, 9.5, 'The 2026 Hyundai Palisade stands out with its premium, Genesis-like interior, especially in higher trims, and a host of advanced technology features like Digital Key 2.0 Premium and a dual panoramic display. While offering a modern design and strong value, the gas-only model is noted for its somewhat sluggish acceleration and a snug third row compared to some rivals.');
INSERT INTO vehicle_models (id, make, model, segment) VALUES ('e45499d4-58af-462f-bf68-0d4920b3e479', 'Chevrolet', 'Traverse', 'Midsize 3-Row SUV');
INSERT INTO vehicle_configs (id, vehicle_model_id, model_year, config_label, powertrain_category) VALUES ('61637511-9c1b-4a11-a104-16921e509c17', 'e45499d4-58af-462f-bf68-0d4920b3e479', 2026, 'Representative', 'Gas');
INSERT INTO msrp_specs (vehicle_config_id, base_msrp, top_trim_msrp) VALUES ('61637511-9c1b-4a11-a104-16921e509c17', 40800, 57400);
INSERT INTO powertrain_specs (vehicle_config_id, engine_description, horsepower_hp, torque_lb_ft, transmission, city_mpg, highway_mpg, combined_mpg, ev_range_miles, zero_to_sixty_sec, towing_capacity_lbs) VALUES ('61637511-9c1b-4a11-a104-16921e509c17', '2.5L I4 Turbo', 328, 326, '8-speed automatic', 20, 26, 23, 0, 8.4, 5000);
INSERT INTO dimension_specs (vehicle_config_id, length_in, width_in, height_in, wheelbase_in, curb_weight_lbs, legroom_2nd_row_in, legroom_3rd_row_in, cargo_behind_3rd_cu_ft, max_cargo_cu_ft) VALUES ('61637511-9c1b-4a11-a104-16921e509c17', 204.49, 79.57, 69.57, 121.0, 4504, 41.46, 32.13, 22.9, 97.6);
INSERT INTO safety_specs (vehicle_config_id, nhtsa_overall_stars, iihs_tsp_status, standard_safety_notes) VALUES ('61637511-9c1b-4a11-a104-16921e509c17', 5, 'TSP', 'Automatic Emergency Braking, Pedestrian Automatic Emergency Braking Day, Pedestrian Automatic Emergency Braking Night, Lane Keeping Assist, Blind Spot Warning, Blind Spot Intervention');
INSERT INTO reliability_signals (vehicle_config_id, source_name, summary_label, known_issues_notes) VALUES ('61637511-9c1b-4a11-a104-16921e509c17', 'Consumer Reports', 'N/A', 'None');
INSERT INTO expert_ratings (vehicle_config_id, edmunds_rating, car_and_driver_rating, key_differentiators) VALUES ('61637511-9c1b-4a11-a104-16921e509c17', 6.3, NULL, 'The 2026 Chevrolet Traverse stands out with its class-leading cargo space and a comprehensive suite of standard technology and driver assistance features. However, it falls short with subpar acceleration, an overly firm ride, and less comfortable second and third-row seating compared to some competitors.');
INSERT INTO vehicle_models (id, make, model, segment) VALUES ('ca7e7613-be06-4e01-8fab-96ab0db74a4d', 'Chevrolet', 'Tahoe', 'Full-Size 3-Row SUV');
INSERT INTO vehicle_configs (id, vehicle_model_id, model_year, config_label, powertrain_category) VALUES ('4ba65dc0-b608-4090-aafb-553f10bd74bc', 'ca7e7613-be06-4e01-8fab-96ab0db74a4d', 2026, 'Representative', 'Gas');
INSERT INTO msrp_specs (vehicle_config_id, base_msrp, top_trim_msrp) VALUES ('4ba65dc0-b608-4090-aafb-553f10bd74bc', 60400, 83495);
INSERT INTO powertrain_specs (vehicle_config_id, engine_description, horsepower_hp, torque_lb_ft, transmission, city_mpg, highway_mpg, combined_mpg, ev_range_miles, zero_to_sixty_sec, towing_capacity_lbs) VALUES ('4ba65dc0-b608-4090-aafb-553f10bd74bc', '5.3L V8', 355, 383, '10-speed automatic', 14, 18, 16, 0, 5.8, 8400);
INSERT INTO dimension_specs (vehicle_config_id, length_in, width_in, height_in, wheelbase_in, curb_weight_lbs, legroom_2nd_row_in, legroom_3rd_row_in, cargo_behind_3rd_cu_ft, max_cargo_cu_ft) VALUES ('4ba65dc0-b608-4090-aafb-553f10bd74bc', 211.3, 81.0, 76.3, 120.9, 5705, 42.0, 34.9, 25.5, 122.7);
INSERT INTO safety_specs (vehicle_config_id, nhtsa_overall_stars, iihs_tsp_status, standard_safety_notes) VALUES ('4ba65dc0-b608-4090-aafb-553f10bd74bc', 5, 'None', 'Automated emergency braking with pedestrian and cyclist detection, Lane-departure warning, Lane-keeping assist, Automatic high-beam headlamps, Trailer-tire monitoring system, Boat-ramp assist, Navigation system with trailer size route calculation');
INSERT INTO reliability_signals (vehicle_config_id, source_name, summary_label, known_issues_notes) VALUES ('4ba65dc0-b608-4090-aafb-553f10bd74bc', 'Consumer Reports', 'N/A', 'None');
INSERT INTO expert_ratings (vehicle_config_id, edmunds_rating, car_and_driver_rating, key_differentiators) VALUES ('4ba65dc0-b608-4090-aafb-553f10bd74bc', NULL, 10.0, 'The 2026 Chevrolet Tahoe stands out with its massive interior, offering adult-friendly space in all three rows and a best-in-class 17.7-inch diagonal center touch-screen. Its truck-based platform provides robust towing capabilities and available off-road features, making it versatile for both family hauling and adventurous use. However, gas-fed V-8s can be fuel-thirsty, and cargo space is limited when the third row is in use.');
INSERT INTO vehicle_models (id, make, model, segment) VALUES ('e68bb589-0d3a-410e-9f6f-4840676be729', 'Nissan', 'Pathfinder', 'Midsize 3-Row SUV');
INSERT INTO vehicle_configs (id, vehicle_model_id, model_year, config_label, powertrain_category) VALUES ('6b2f0e1b-80f3-4d5d-8aa1-8d9a0a17202d', 'e68bb589-0d3a-410e-9f6f-4840676be729', 2026, 'Representative', 'Gas');
INSERT INTO msrp_specs (vehicle_config_id, base_msrp, top_trim_msrp) VALUES ('6b2f0e1b-80f3-4d5d-8aa1-8d9a0a17202d', 37500, 51400);
INSERT INTO powertrain_specs (vehicle_config_id, engine_description, horsepower_hp, torque_lb_ft, transmission, city_mpg, highway_mpg, combined_mpg, ev_range_miles, zero_to_sixty_sec, towing_capacity_lbs) VALUES ('6b2f0e1b-80f3-4d5d-8aa1-8d9a0a17202d', '3.5L V6', 284, 259, '9-speed automatic', 21, 26, 23, 0, 6.7, 6000);
INSERT INTO dimension_specs (vehicle_config_id, length_in, width_in, height_in, wheelbase_in, curb_weight_lbs, legroom_2nd_row_in, legroom_3rd_row_in, cargo_behind_3rd_cu_ft, max_cargo_cu_ft) VALUES ('6b2f0e1b-80f3-4d5d-8aa1-8d9a0a17202d', 197.7, 77.9, 70.9, 114.2, 4334, 35.5, 28.0, 16.6, 80.5);
INSERT INTO safety_specs (vehicle_config_id, nhtsa_overall_stars, iihs_tsp_status, standard_safety_notes) VALUES ('6b2f0e1b-80f3-4d5d-8aa1-8d9a0a17202d', NULL, 'Not Rated', 'Automatic Emergency Braking (AEB), Pedestrian Detection (P-AEB), Rear Automatic Braking (RAB), Intelligent Blind Spot Intervention (I-BSI), Intelligent Lane Intervention (I-LI), High Beam Assist (HBA), Intelligent Cruise Control (ICC)');
INSERT INTO reliability_signals (vehicle_config_id, source_name, summary_label, known_issues_notes) VALUES ('6b2f0e1b-80f3-4d5d-8aa1-8d9a0a17202d', 'Consumer Reports', 'N/A', 'None');
INSERT INTO expert_ratings (vehicle_config_id, edmunds_rating, car_and_driver_rating, key_differentiators) VALUES ('6b2f0e1b-80f3-4d5d-8aa1-8d9a0a17202d', NULL, 8.0, 'The 2026 Nissan Pathfinder stands out with its robust V6 engine, offering more standard horsepower than some competitors like the Highlander. It also boasts a class-leading towing capacity of up to 6,000 lbs, making it suitable for hauling larger loads. However, its 0-60 mph acceleration is average for the segment, and some interior dimensions like 3rd-row legroom are on the lower side.');
INSERT INTO vehicle_models (id, make, model, segment) VALUES ('0b527b68-a1fe-472c-95aa-cc570a95f65e', 'Ford', 'Expedition', 'Full-Size 3-Row SUV');
INSERT INTO vehicle_configs (id, vehicle_model_id, model_year, config_label, powertrain_category) VALUES ('aa04dfb3-6c53-4c30-a11d-22b278ff1ab1', '0b527b68-a1fe-472c-95aa-cc570a95f65e', 2026, 'Representative', 'Gas');
INSERT INTO msrp_specs (vehicle_config_id, base_msrp, top_trim_msrp) VALUES ('aa04dfb3-6c53-4c30-a11d-22b278ff1ab1', 62700, 90155);
INSERT INTO powertrain_specs (vehicle_config_id, engine_description, horsepower_hp, torque_lb_ft, transmission, city_mpg, highway_mpg, combined_mpg, ev_range_miles, zero_to_sixty_sec, towing_capacity_lbs) VALUES ('aa04dfb3-6c53-4c30-a11d-22b278ff1ab1', '3.5L EcoBoost V6', 400, 480, '10-speed automatic', 16, 24, 19, 0, 4.9, 9600);
INSERT INTO dimension_specs (vehicle_config_id, length_in, width_in, height_in, wheelbase_in, curb_weight_lbs, legroom_2nd_row_in, legroom_3rd_row_in, cargo_behind_3rd_cu_ft, max_cargo_cu_ft) VALUES ('aa04dfb3-6c53-4c30-a11d-22b278ff1ab1', 209.9, 94.6, 78.1, NULL, NULL, 41.1, 36.1, 22.9, 108.5);
INSERT INTO safety_specs (vehicle_config_id, nhtsa_overall_stars, iihs_tsp_status, standard_safety_notes) VALUES ('aa04dfb3-6c53-4c30-a11d-22b278ff1ab1', 5, 'None', 'Back-up camera, Blind Spot Monitoring, Lane Departure Warning, Alarm, Tire Pressure Warning, Stability Control, Pre-collision safety system, Post-collision safety system');
INSERT INTO reliability_signals (vehicle_config_id, source_name, summary_label, known_issues_notes) VALUES ('aa04dfb3-6c53-4c30-a11d-22b278ff1ab1', 'Consumer Reports', '2/5 Below Average', 'There is one active recall related to the electrical system and exterior lighting, specifically affecting trailer lights or brakes, which can reduce visibility and control.');
INSERT INTO expert_ratings (vehicle_config_id, edmunds_rating, car_and_driver_rating, key_differentiators) VALUES ('aa04dfb3-6c53-4c30-a11d-22b278ff1ab1', 7.7, 8.0, 'The 2026 Ford Expedition stands out with its huge interior, spacious passenger and cargo room, large standard display screens, and robust turbocharged V6 engine. It also offers a large standard package of towing and advanced driver aids. However, its large size can make maneuvering difficult.');
INSERT INTO vehicle_models (id, make, model, segment) VALUES ('bea785a0-3ab3-4806-9050-5f6e29c57887', 'Toyota', 'Grand Highlander', 'Midsize 3-Row SUV');
INSERT INTO vehicle_configs (id, vehicle_model_id, model_year, config_label, powertrain_category) VALUES ('fe74b701-af4d-4a7b-b271-4ea9d485b827', 'bea785a0-3ab3-4806-9050-5f6e29c57887', 2026, 'Representative', 'Gas');
INSERT INTO msrp_specs (vehicle_config_id, base_msrp, top_trim_msrp) VALUES ('fe74b701-af4d-4a7b-b271-4ea9d485b827', 41660, 59575);
INSERT INTO powertrain_specs (vehicle_config_id, engine_description, horsepower_hp, torque_lb_ft, transmission, city_mpg, highway_mpg, combined_mpg, ev_range_miles, zero_to_sixty_sec, towing_capacity_lbs) VALUES ('fe74b701-af4d-4a7b-b271-4ea9d485b827', '2.4L turbocharged four-cylinder', 265, 310, '8-speed automatic', 21, 28, 23, 0, 7.0, 5000);
INSERT INTO dimension_specs (vehicle_config_id, length_in, width_in, height_in, wheelbase_in, curb_weight_lbs, legroom_2nd_row_in, legroom_3rd_row_in, cargo_behind_3rd_cu_ft, max_cargo_cu_ft) VALUES ('fe74b701-af4d-4a7b-b271-4ea9d485b827', 201.4, 78.3, 70.1, 116.1, 4440, NULL, NULL, 21.0, 98.0);
INSERT INTO safety_specs (vehicle_config_id, nhtsa_overall_stars, iihs_tsp_status, standard_safety_notes) VALUES ('fe74b701-af4d-4a7b-b271-4ea9d485b827', 5, 'None', 'Adaptive Cruise Control, Lane Centering Assist, Blind Spot Monitoring');
INSERT INTO reliability_signals (vehicle_config_id, source_name, summary_label, known_issues_notes) VALUES ('fe74b701-af4d-4a7b-b271-4ea9d485b827', 'Consumer Reports', '5/5 Excellent', '1 recall (rearview camera fails to display image, increasing crash risk).');
INSERT INTO expert_ratings (vehicle_config_id, edmunds_rating, car_and_driver_rating, key_differentiators) VALUES ('fe74b701-af4d-4a7b-b271-4ea9d485b827', NULL, 9.5, 'The Toyota Grand Highlander stands out with its spacious and adult-friendly third-row seating, generous cargo capacity, and a choice of three powertrains including efficient hybrid options. Its comfortable ride and comprehensive suite of standard driver-assistance features make it a strong contender for families, though its styling may be considered nondescript by some.');
INSERT INTO vehicle_models (id, make, model, segment) VALUES ('df7dbea5-e88b-433e-851e-3b8011020518', 'Subaru', 'Ascent', 'Midsize 3-Row SUV');
INSERT INTO vehicle_configs (id, vehicle_model_id, model_year, config_label, powertrain_category) VALUES ('d508da47-a83f-42a3-a1ff-93fd97a72d1f', 'df7dbea5-e88b-433e-851e-3b8011020518', 2026, 'Representative', 'Gas');
INSERT INTO msrp_specs (vehicle_config_id, base_msrp, top_trim_msrp) VALUES ('d508da47-a83f-42a3-a1ff-93fd97a72d1f', 40795, 51995);
INSERT INTO powertrain_specs (vehicle_config_id, engine_description, horsepower_hp, torque_lb_ft, transmission, city_mpg, highway_mpg, combined_mpg, ev_range_miles, zero_to_sixty_sec, towing_capacity_lbs) VALUES ('d508da47-a83f-42a3-a1ff-93fd97a72d1f', '2.4-liter turbocharged SUBARU BOXER® 4-cylinder', 260, 277, 'Lineartronic® CVT with 8-speed manual mode', 19, 26, 22, 0, 6.8, 5000);
INSERT INTO dimension_specs (vehicle_config_id, length_in, width_in, height_in, wheelbase_in, curb_weight_lbs, legroom_2nd_row_in, legroom_3rd_row_in, cargo_behind_3rd_cu_ft, max_cargo_cu_ft) VALUES ('d508da47-a83f-42a3-a1ff-93fd97a72d1f', NULL, NULL, NULL, NULL, 4433, NULL, NULL, 18.0, 75.6);
INSERT INTO safety_specs (vehicle_config_id, nhtsa_overall_stars, iihs_tsp_status, standard_safety_notes) VALUES ('d508da47-a83f-42a3-a1ff-93fd97a72d1f', NULL, 'TSP', 'EyeSight® Driver Assist Technology, Blind-Spot Detection with Lane Change Assist and Rear Cross-Traffic Alert, Reverse Automatic Braking, Automatic Emergency Steering');
INSERT INTO reliability_signals (vehicle_config_id, source_name, summary_label, known_issues_notes) VALUES ('d508da47-a83f-42a3-a1ff-93fd97a72d1f', 'Consumer Reports', '3/5 Average', 'None');
INSERT INTO expert_ratings (vehicle_config_id, edmunds_rating, car_and_driver_rating, key_differentiators) VALUES ('d508da47-a83f-42a3-a1ff-93fd97a72d1f', NULL, 6.0, 'The largest Subaru SUV ever, with flexible 3-row seating and premium comfort. Standard Symmetrical All-Wheel Drive and 8.7 inches of ground clearance. The third row is tight and best for kids and pets. It has a casual hiking boot personality unconcerned with raw performance.');